Visitors,UniquePageviews,Date,Time,DayOfWeek,Month,Season,Weekend,SchoolHoliday,PublicHoliday,Cruiseship,EventInt,EventExt
4364,910,2016-03-24,1,Thu,Mar,Autumn,0,0,0,0,0,0
8116,970.571428571429,2016-03-25,2,Fri,Mar,Autumn,0,0,1,0,0,0
9268,972.714285714286,2016-03-26,3,Sat,Mar,Autumn,1,0,0,0,0,0
8360,1009.28571428571,2016-03-27,4,Sun,Mar,Autumn,1,0,0,0,0,0
6172,1033.28571428571,2016-03-28,5,Mon,Mar,Autumn,0,0,1,0,0,0
4421,1013.28571428571,2016-03-29,6,Tue,Mar,Autumn,0,0,0,1,0,0
3260,971.857142857143,2016-03-30,7,Wed,Mar,Autumn,0,0,0,0,0,0
3460,916.714285714286,2016-03-31,8,Thu,Mar,Autumn,0,0,0,0,0,0
4542,855.428571428572,2016-04-01,9,Fri,Apr,Autumn,0,0,0,1,0,0
5444,858.857142857143,2016-04-02,10,Sat,Apr,Autumn,1,0,0,0,0,0
5912,803,2016-04-03,11,Sun,Apr,Autumn,1,0,0,0,0,0
3982,727.285714285714,2016-04-04,12,Mon,Apr,Autumn,0,0,0,0,0,0
3103,732.857142857143,2016-04-05,13,Tue,Apr,Autumn,0,0,0,0,0,0
3084,778.428571428572,2016-04-06,14,Wed,Apr,Autumn,0,0,0,0,0,0
4253,804.714285714286,2016-04-07,15,Thu,Apr,Autumn,0,0,0,1,0,0
3736,838.428571428572,2016-04-08,16,Fri,Apr,Autumn,0,0,0,0,0,0
7173,859.142857142857,2016-04-09,17,Sat,Apr,Autumn,1,0,0,0,1,0
5315,928.714285714286,2016-04-10,18,Sun,Apr,Autumn,1,0,0,0,0,0
3577,995.571428571429,2016-04-11,19,Mon,Apr,Autumn,0,0,0,0,0,0
3232,1092,2016-04-12,20,Tue,Apr,Autumn,0,0,0,0,0,0
4178,1089.14285714286,2016-04-13,21,Wed,Apr,Autumn,0,0,0,1,0,0
3195,1124.28571428571,2016-04-14,22,Thu,Apr,Autumn,0,0,0,0,0,0
3895,1131.85714285714,2016-04-15,23,Fri,Apr,Autumn,0,0,0,0,0,0
6536,1093.28571428571,2016-04-16,24,Sat,Apr,Autumn,1,1,0,1,0,0
5926,1049.28571428571,2016-04-17,25,Sun,Apr,Autumn,1,1,0,0,0,0
5075,1044.42857142857,2016-04-18,26,Mon,Apr,Autumn,0,1,0,0,0,0
4873,996.142857142857,2016-04-19,27,Tue,Apr,Autumn,0,1,0,0,0,0
5622,995.428571428572,2016-04-20,28,Wed,Apr,Autumn,0,1,0,0,0,0
5258,1001.57142857143,2016-04-21,29,Thu,Apr,Autumn,0,1,0,0,0,0
5986,1025,2016-04-22,30,Fri,Apr,Autumn,0,1,0,0,0,0
7712,1056,2016-04-23,31,Sat,Apr,Autumn,1,1,0,0,1,0
8008,1077.28571428571,2016-04-24,32,Sun,Apr,Autumn,1,1,0,0,1,0
5476,1067.57142857143,2016-04-25,33,Mon,Apr,Autumn,0,1,1,0,0,0
4897,1117.28571428571,2016-04-26,34,Tue,Apr,Autumn,0,1,0,0,0,0
4966,1123.57142857143,2016-04-27,35,Wed,Apr,Autumn,0,1,0,0,0,0
4984,1176.57142857143,2016-04-28,36,Thu,Apr,Autumn,0,1,0,0,0,0
5099,1135.28571428571,2016-04-29,37,Fri,Apr,Autumn,0,1,0,0,0,0
5063,1120,2016-04-30,38,Sat,Apr,Autumn,1,1,0,0,0,0
5545,1076.57142857143,2016-05-01,39,Sun,May,Autumn,1,1,0,0,0,0
2346,1038,2016-05-02,40,Mon,May,Autumn,0,0,0,0,0,0
2175,935.285714285714,2016-05-03,41,Tue,May,Autumn,0,0,0,0,0,0
2512,896,2016-05-04,42,Wed,May,Autumn,0,0,0,0,0,0
2517,766.571428571429,2016-05-05,43,Thu,May,Autumn,0,0,0,0,0,0
3239,759,2016-05-06,44,Fri,May,Autumn,0,0,0,0,0,0
4270,754.285714285714,2016-05-07,45,Sat,May,Autumn,1,0,0,0,0,0
4376,730.142857142857,2016-05-08,46,Sun,May,Autumn,1,0,0,0,0,0
2491,726,2016-05-09,47,Mon,May,Autumn,0,0,0,0,0,0
2455,699.857142857143,2016-05-10,48,Tue,May,Autumn,0,0,0,0,0,0
2287,652.285714285714,2016-05-11,49,Wed,May,Autumn,0,0,0,0,0,0
2566,671.571428571429,2016-05-12,50,Thu,May,Autumn,0,0,0,0,0,0
3020,632.285714285714,2016-05-13,51,Fri,May,Autumn,0,0,0,0,0,0
4746,614.285714285714,2016-05-14,52,Sat,May,Autumn,1,0,0,0,0,0
4551,624.714285714286,2016-05-15,53,Sun,May,Autumn,1,0,0,1,0,0
2213,629.571428571429,2016-05-16,54,Mon,May,Autumn,0,0,0,0,0,0
2814,656.428571428572,2016-05-17,55,Tue,May,Autumn,0,0,0,0,0,0
2629,684.714285714286,2016-05-18,56,Wed,May,Autumn,0,0,0,0,0,0
2744,681.285714285714,2016-05-19,57,Thu,May,Autumn,0,0,0,0,0,0
3490,681.285714285714,2016-05-20,58,Fri,May,Autumn,0,0,0,0,0,0
5191,688.285714285714,2016-05-21,59,Sat,May,Autumn,1,0,0,0,0,0
5048,686.142857142857,2016-05-22,60,Sun,May,Autumn,1,0,0,0,0,0
2333,668.285714285714,2016-05-23,61,Mon,May,Autumn,0,0,0,0,0,0
3032,671,2016-05-24,62,Tue,May,Autumn,0,0,0,0,0,0
2232,648.285714285714,2016-05-25,63,Wed,May,Autumn,0,0,0,0,0,0
2507,640,2016-05-26,64,Thu,May,Autumn,0,0,0,0,0,0
3231,669.714285714286,2016-05-27,65,Fri,May,Autumn,0,0,0,0,0,0
4811,689,2016-05-28,66,Sat,May,Autumn,1,0,0,0,0,0
4216,713.857142857143,2016-05-29,67,Sun,May,Autumn,1,0,0,0,0,0
2745,719.285714285714,2016-05-30,68,Mon,May,Autumn,0,0,0,0,0,0
2139,746.142857142857,2016-05-31,69,Tue,May,Autumn,0,0,0,0,0,0
2140,764.714285714286,2016-06-01,70,Wed,Jun,Winter,0,0,0,0,0,0
2464,786.714285714286,2016-06-02,71,Thu,Jun,Winter,0,0,0,0,0,0
3397,812.857142857143,2016-06-03,72,Fri,Jun,Winter,0,0,0,0,0,0
6083,774.285714285714,2016-06-04,73,Sat,Jun,Winter,1,0,0,0,0,0
6694,746.714285714286,2016-06-05,74,Sun,Jun,Winter,1,0,0,0,0,0
4469,775,2016-06-06,75,Mon,Jun,Winter,0,0,1,0,0,0
2314,762.714285714286,2016-06-07,76,Tue,Jun,Winter,0,0,0,0,0,0
2265,745.428571428572,2016-06-08,77,Wed,Jun,Winter,0,0,0,0,0,1
2438,698.571428571429,2016-06-09,78,Thu,Jun,Winter,0,0,0,0,0,1
3017,677.857142857143,2016-06-10,79,Fri,Jun,Winter,0,0,0,0,0,1
4528,700.571428571429,2016-06-11,80,Sat,Jun,Winter,1,0,0,0,0,1
4571,706.714285714286,2016-06-12,81,Sun,Jun,Winter,1,0,0,0,0,1
2467,681.285714285714,2016-06-13,82,Mon,Jun,Winter,0,0,0,0,0,0
1793,691.571428571429,2016-06-14,83,Tue,Jun,Winter,0,0,0,0,0,0
2374,714.428571428572,2016-06-15,84,Wed,Jun,Winter,0,0,0,0,0,0
2723,720.714285714286,2016-06-16,85,Thu,Jun,Winter,0,0,0,0,1,0
3709,703.571428571429,2016-06-17,86,Fri,Jun,Winter,0,0,0,0,1,0
6329,682.857142857143,2016-06-18,87,Sat,Jun,Winter,1,0,0,0,0,1
6033,676.714285714286,2016-06-19,88,Sun,Jun,Winter,1,0,0,0,0,0
2712,685.571428571429,2016-06-20,89,Mon,Jun,Winter,0,0,0,0,0,0
2124,669,2016-06-21,90,Tue,Jun,Winter,0,0,0,0,0,0
2500,675.142857142857,2016-06-22,91,Wed,Jun,Winter,0,0,0,0,0,0
2530,726,2016-06-23,92,Thu,Jun,Winter,0,0,0,0,0,0
3184,737.714285714286,2016-06-24,93,Fri,Jun,Winter,0,0,0,0,0,0
6402,737.714285714286,2016-06-25,94,Sat,Jun,Winter,1,0,0,0,0,0
5755,731.571428571429,2016-06-26,95,Sun,Jun,Winter,1,0,0,0,0,1
2445,777.714285714286,2016-06-27,96,Mon,Jun,Winter,0,0,0,0,0,0
2700,823.857142857143,2016-06-28,97,Tue,Jun,Winter,0,0,0,0,0,0
2361,869.285714285714,2016-06-29,98,Wed,Jun,Winter,0,0,0,0,0,0
2329,839.714285714286,2016-06-30,99,Thu,Jun,Winter,0,0,0,0,0,0
3430,871.285714285714,2016-07-01,100,Fri,Jul,Winter,0,0,0,0,0,0
4680,860.285714285714,2016-07-02,101,Sat,Jul,Winter,1,0,0,0,0,0
4679,886.428571428571,2016-07-03,102,Sun,Jul,Winter,1,0,0,0,0,0
4474,833.428571428572,2016-07-04,103,Mon,Jul,Winter,0,0,0,0,0,0
2567,780.428571428571,2016-07-05,104,Tue,Jul,Winter,0,0,0,0,0,0
2770,699.857142857143,2016-07-06,105,Wed,Jul,Winter,0,0,0,0,0,0
3290,736.428571428572,2016-07-07,106,Thu,Jul,Winter,0,0,0,0,0,0
3061,699.285714285714,2016-07-08,107,Fri,Jul,Winter,0,0,0,0,0,0
4571,738.571428571429,2016-07-09,108,Sat,Jul,Winter,1,1,0,0,0,0
5148,737.142857142857,2016-07-10,109,Sun,Jul,Winter,1,1,0,0,0,0
4243,772.285714285714,2016-07-11,110,Mon,Jul,Winter,0,1,0,0,0,0
5082,801.857142857143,2016-07-12,111,Tue,Jul,Winter,0,1,0,0,0,0
5189,908,2016-07-13,112,Wed,Jul,Winter,0,1,0,0,0,0
5618,913.428571428572,2016-07-14,113,Thu,Jul,Winter,0,1,0,0,0,0
5560,904.428571428572,2016-07-15,114,Fri,Jul,Winter,0,1,0,0,0,0
9584,954,2016-07-16,115,Sat,Jul,Winter,1,1,0,0,0,0
5943,981.571428571429,2016-07-17,116,Sun,Jul,Winter,1,1,0,0,0,0
5245,1050.42857142857,2016-07-18,117,Mon,Jul,Winter,0,1,0,0,0,0
4839,1091.14285714286,2016-07-19,118,Tue,Jul,Winter,0,1,0,0,0,0
4748,1037.42857142857,2016-07-20,119,Wed,Jul,Winter,0,1,0,0,0,0
5320,1047.85714285714,2016-07-21,120,Thu,Jul,Winter,0,1,0,0,0,0
5416,1075.42857142857,2016-07-22,121,Fri,Jul,Winter,0,1,0,0,0,0
5157,1008.57142857143,2016-07-23,122,Sat,Jul,Winter,1,1,0,0,0,0
4689,977.571428571428,2016-07-24,123,Sun,Jul,Winter,1,1,0,0,0,0
2436,918.428571428571,2016-07-25,124,Mon,Jul,Winter,0,0,0,0,0,0
2255,862.571428571429,2016-07-26,125,Tue,Jul,Winter,0,0,0,0,0,0
2328,859,2016-07-27,126,Wed,Jul,Winter,0,0,0,0,0,0
2788,794.857142857143,2016-07-28,127,Thu,Jul,Winter,0,0,0,0,0,0
3526,796.285714285714,2016-07-29,128,Fri,Jul,Winter,0,0,0,0,0,0
5828,790.857142857143,2016-07-30,129,Sat,Jul,Winter,1,0,0,0,1,0
5328,779.142857142857,2016-07-31,130,Sun,Jul,Winter,1,0,0,0,0,0
2646,724.714285714286,2016-08-01,131,Mon,Aug,Winter,0,0,0,0,0,0
2394,715.142857142857,2016-08-02,132,Tue,Aug,Winter,0,0,0,0,0,0
2105,670.428571428572,2016-08-03,133,Wed,Aug,Winter,0,0,0,0,0,0
2310,671.857142857143,2016-08-04,134,Thu,Aug,Winter,0,0,0,0,0,0
2973,647,2016-08-05,135,Fri,Aug,Winter,0,0,0,0,0,0
4069,638,2016-08-06,136,Sat,Aug,Winter,1,0,0,0,0,0
4840,618.714285714286,2016-08-07,137,Sun,Aug,Winter,1,0,0,0,0,0
2327,652.428571428572,2016-08-08,138,Mon,Aug,Winter,0,0,0,0,0,0
2289,624.142857142857,2016-08-09,139,Tue,Aug,Winter,0,0,0,0,0,0
2438,639.285714285714,2016-08-10,140,Wed,Aug,Winter,0,0,0,0,0,0
2789,648.142857142857,2016-08-11,141,Thu,Aug,Winter,0,0,0,0,0,0
3063,657.857142857143,2016-08-12,142,Fri,Aug,Winter,0,0,0,0,0,0
6775,647.571428571429,2016-08-13,143,Sat,Aug,Winter,1,0,0,0,1,0
7815,648.285714285714,2016-08-14,144,Sun,Aug,Winter,1,0,0,0,1,0
2541,650.285714285714,2016-08-15,145,Mon,Aug,Winter,0,0,0,0,0,0
2096,716.428571428572,2016-08-16,146,Tue,Aug,Winter,0,0,0,0,0,0
1988,724,2016-08-17,147,Wed,Aug,Winter,0,0,0,0,0,0
2789,700,2016-08-18,148,Thu,Aug,Winter,0,0,0,0,0,0
3063,657.285714285714,2016-08-19,149,Fri,Aug,Winter,0,0,0,0,0,0
4414,639.285714285714,2016-08-20,150,Sat,Aug,Winter,1,0,0,0,0,0
4259,626.142857142857,2016-08-21,151,Sun,Aug,Winter,1,0,0,0,0,0
2329,583.428571428572,2016-08-22,152,Mon,Aug,Winter,0,0,0,0,0,0
2351,504.857142857143,2016-08-23,153,Tue,Aug,Winter,0,0,0,0,0,0
2148,474.571428571429,2016-08-24,154,Wed,Aug,Winter,0,0,0,0,0,0
2644,500.714285714286,2016-08-25,155,Thu,Aug,Winter,0,0,0,0,0,0
4593,546.142857142857,2016-08-26,156,Fri,Aug,Winter,0,0,0,0,0,0
5585,552.428571428572,2016-08-27,157,Sat,Aug,Winter,1,0,0,0,0,1
4867,571.714285714286,2016-08-28,158,Sun,Aug,Winter,1,0,0,0,0,0
2190,589,2016-08-29,159,Mon,Aug,Winter,0,0,0,0,0,0
2191,613.857142857143,2016-08-30,160,Tue,Aug,Winter,0,0,0,0,0,0
2186,612.428571428572,2016-08-31,161,Wed,Aug,Winter,0,0,0,0,0,0
2753,615.142857142857,2016-09-01,162,Thu,Sep,Spring,0,0,0,0,0,0
2788,595.857142857143,2016-09-02,163,Fri,Sep,Spring,0,0,0,0,0,0
3656,633,2016-09-03,164,Sat,Sep,Spring,1,0,0,0,0,0
4214,632.428571428572,2016-09-04,165,Sun,Sep,Spring,1,0,0,0,0,0
2214,638,2016-09-05,166,Mon,Sep,Spring,0,0,0,0,0,0
2245,625.571428571429,2016-09-06,167,Tue,Sep,Spring,0,0,0,0,0,0
2106,673.857142857143,2016-09-07,168,Wed,Sep,Spring,0,0,0,0,0,0
1969,657.285714285714,2016-09-08,169,Thu,Sep,Spring,0,0,0,0,0,0
2426,651.142857142857,2016-09-09,170,Fri,Sep,Spring,0,0,0,0,0,0
4182,622.142857142857,2016-09-10,171,Sat,Sep,Spring,1,0,0,0,0,0
3964,626.142857142857,2016-09-11,172,Sun,Sep,Spring,1,0,0,0,0,0
2376,626.714285714286,2016-09-12,173,Mon,Sep,Spring,0,0,0,0,0,0
2468,632.857142857143,2016-09-13,174,Tue,Sep,Spring,0,0,0,0,0,0
2488,604.571428571429,2016-09-14,175,Wed,Sep,Spring,0,0,0,0,0,0
2425,633.571428571429,2016-09-15,176,Thu,Sep,Spring,0,0,0,0,0,0
2577,646.571428571429,2016-09-16,177,Fri,Sep,Spring,0,0,0,0,0,0
4718,643.142857142857,2016-09-17,178,Sat,Sep,Spring,1,0,0,0,0,0
3745,646,2016-09-18,179,Sun,Sep,Spring,1,0,0,0,0,0
2757,714.285714285714,2016-09-19,180,Mon,Sep,Spring,0,0,0,0,0,0
2556,795,2016-09-20,181,Tue,Sep,Spring,0,0,0,0,0,0
2936,842.571428571429,2016-09-21,182,Wed,Sep,Spring,0,0,0,0,0,0
3186,857.714285714286,2016-09-22,183,Thu,Sep,Spring,0,0,0,0,0,0
3729,880.428571428572,2016-09-23,184,Fri,Sep,Spring,0,0,0,0,0,0
5031,894.285714285714,2016-09-24,185,Sat,Sep,Spring,1,1,0,0,0,0
5868,950,2016-09-25,186,Sun,Sep,Spring,1,1,0,0,1,0
4571,922.428571428572,2016-09-26,187,Mon,Sep,Spring,0,1,0,0,0,0
4809,879.714285714286,2016-09-27,188,Tue,Sep,Spring,0,1,0,0,0,0
5072,892.142857142857,2016-09-28,189,Wed,Sep,Spring,0,1,0,0,0,0
5275,973.428571428571,2016-09-29,190,Thu,Sep,Spring,0,1,0,0,0,0
5681,1045.14285714286,2016-09-30,191,Fri,Sep,Spring,0,1,0,0,0,0
6461,1153.28571428571,2016-10-01,192,Sat,Oct,Spring,1,1,0,0,0,0
6890,1150.57142857143,2016-10-02,193,Sun,Oct,Spring,1,1,0,0,0,0
4853,1140.85714285714,2016-10-03,194,Mon,Oct,Spring,0,1,0,0,0,0
4473,1207.57142857143,2016-10-04,195,Tue,Oct,Spring,0,1,0,0,0,0
5515,1226.85714285714,2016-10-05,196,Wed,Oct,Spring,0,1,0,1,0,0
4977,1210.28571428571,2016-10-06,197,Thu,Oct,Spring,0,1,0,0,0,0
5837,1162,2016-10-07,198,Fri,Oct,Spring,0,1,0,0,0,0
6040,1120,2016-10-08,199,Sat,Oct,Spring,1,1,0,0,0,0
5167,1100.71428571429,2016-10-09,200,Sun,Oct,Spring,1,1,0,0,0,0
2858,1125.57142857143,2016-10-10,201,Mon,Oct,Spring,0,0,0,0,0,0
3435,1034,2016-10-11,202,Tue,Oct,Spring,0,0,0,1,0,0
2314,969.857142857143,2016-10-12,203,Wed,Oct,Spring,0,0,0,0,0,0
2703,886.571428571429,2016-10-13,204,Thu,Oct,Spring,0,0,0,0,0,0
3621,850.857142857143,2016-10-14,205,Fri,Oct,Spring,0,0,0,0,0,0
5234,800.571428571429,2016-10-15,206,Sat,Oct,Spring,1,0,0,0,0,0
4415,759.285714285714,2016-10-16,207,Sun,Oct,Spring,1,0,0,0,0,0
2661,707.571428571429,2016-10-17,208,Mon,Oct,Spring,0,0,0,0,0,0
2935,714.428571428572,2016-10-18,209,Tue,Oct,Spring,0,0,0,0,0,0
2802,697.285714285714,2016-10-19,210,Wed,Oct,Spring,0,0,0,0,0,0
2366,679.428571428571,2016-10-20,211,Thu,Oct,Spring,0,0,0,0,0,0
3692,682.142857142857,2016-10-21,212,Fri,Oct,Spring,0,0,0,0,0,0
5169,685.571428571429,2016-10-22,213,Sat,Oct,Spring,1,0,0,0,0,0
6293,711,2016-10-23,214,Sun,Oct,Spring,1,0,0,0,0,0
4261,731,2016-10-24,215,Mon,Oct,Spring,0,0,1,0,0,0
3013,719.285714285714,2016-10-25,216,Tue,Oct,Spring,0,0,0,0,0,0
2465,711.714285714286,2016-10-26,217,Wed,Oct,Spring,0,0,0,0,0,0
2873,696.428571428571,2016-10-27,218,Thu,Oct,Spring,0,0,0,0,0,0
3977,677.857142857143,2016-10-28,219,Fri,Oct,Spring,0,0,0,0,0,0
5611,657.142857142857,2016-10-29,220,Sat,Oct,Spring,1,0,0,0,0,0
6028,675.714285714286,2016-10-30,221,Sun,Oct,Spring,1,0,0,0,0,0
2455,653,2016-10-31,222,Mon,Oct,Spring,0,0,0,0,0,0
2493,664.714285714286,2016-11-01,223,Tue,Nov,Spring,0,0,0,0,0,0
3640,679.142857142857,2016-11-02,224,Wed,Nov,Spring,0,0,0,1,0,0
3060,668.857142857143,2016-11-03,225,Thu,Nov,Spring,0,0,0,0,0,0
3352,643.285714285714,2016-11-04,226,Fri,Nov,Spring,0,0,0,0,0,0
5143,666.714285714286,2016-11-05,227,Sat,Nov,Spring,1,0,0,1,0,0
5068,637.857142857143,2016-11-06,228,Sun,Nov,Spring,1,0,0,0,0,0
3330,625.428571428571,2016-11-07,229,Mon,Nov,Spring,0,0,0,0,0,0
2954,597.285714285714,2016-11-08,230,Tue,Nov,Spring,0,0,0,0,0,0
3034,611,2016-11-09,231,Wed,Nov,Spring,0,0,0,0,0,0
3975,686.142857142857,2016-11-10,232,Thu,Nov,Spring,0,0,0,0,0,0
5439,750.857142857143,2016-11-11,233,Fri,Nov,Spring,0,0,0,1,0,0
5263,709.571428571429,2016-11-12,234,Sat,Nov,Spring,1,0,0,0,0,0
4639,734.285714285714,2016-11-13,235,Sun,Nov,Spring,1,0,0,0,0,0
3330,785.285714285714,2016-11-14,236,Mon,Nov,Spring,0,0,0,0,0,0
2954,825.142857142857,2016-11-15,237,Tue,Nov,Spring,0,0,0,0,0,0
3394,810,2016-11-16,238,Wed,Nov,Spring,0,0,0,0,0,0
3045,715.571428571429,2016-11-17,239,Thu,Nov,Spring,0,0,0,0,0,0
3870,675,2016-11-18,240,Fri,Nov,Spring,0,0,0,0,0,0
4377,720.428571428572,2016-11-19,241,Sat,Nov,Spring,1,0,0,0,0,0
4312,697.714285714286,2016-11-20,242,Sun,Nov,Spring,1,0,0,0,0,0
4255,666,2016-11-21,243,Mon,Nov,Spring,0,0,0,1,0,0
3203,632.285714285714,2016-11-22,244,Tue,Nov,Spring,0,0,0,0,0,0
3364,622,2016-11-23,245,Wed,Nov,Spring,0,0,0,0,0,0
3124,670.857142857143,2016-11-24,246,Thu,Nov,Spring,0,0,0,0,0,0
4242,686,2016-11-25,247,Fri,Nov,Spring,0,0,0,0,0,0
5034,690.857142857143,2016-11-26,248,Sat,Nov,Spring,1,0,0,0,0,0
4764,705.428571428571,2016-11-27,249,Sun,Nov,Spring,1,0,0,0,0,0
3308,725.428571428571,2016-11-28,250,Mon,Nov,Spring,0,0,0,1,0,0
3252,742,2016-11-29,251,Tue,Nov,Spring,0,0,0,0,0,0
4609,754.428571428571,2016-11-30,252,Wed,Nov,Spring,0,0,0,0,0,0
2979,796.571428571429,2016-12-01,253,Thu,Dec,Summer,0,0,0,0,0,0
4622,815.857142857143,2016-12-02,254,Fri,Dec,Summer,0,0,0,1,0,0
5276,827.571428571429,2016-12-03,255,Sat,Dec,Summer,1,0,0,0,0,0
5447,830.285714285714,2016-12-04,256,Sun,Dec,Summer,1,0,0,1,0,0
4329,830.285714285714,2016-12-05,257,Mon,Dec,Summer,0,0,0,1,0,0
3293,833,2016-12-06,258,Tue,Dec,Summer,0,0,0,1,0,0
3694,835,2016-12-07,259,Wed,Dec,Summer,0,0,0,0,0,0
3938,806.714285714286,2016-12-08,260,Thu,Dec,Summer,0,0,0,0,0,0
3690,851.571428571429,2016-12-09,261,Fri,Dec,Summer,0,0,0,0,0,0
4809,876.285714285714,2016-12-10,262,Sat,Dec,Summer,1,0,0,0,0,0
5411,920.285714285714,2016-12-11,263,Sun,Dec,Summer,1,0,0,1,0,0
3598,969.142857142857,2016-12-12,264,Mon,Dec,Summer,0,0,0,0,0,0
4583,1089.71428571429,2016-12-13,265,Tue,Dec,Summer,0,0,0,1,0,0
4020,1157.28571428571,2016-12-14,266,Wed,Dec,Summer,0,0,0,1,0,0
3896,1200,2016-12-15,267,Thu,Dec,Summer,0,0,0,1,0,0
4674,1225.42857142857,2016-12-16,268,Fri,Dec,Summer,0,0,0,0,0,0
4481,1209.57142857143,2016-12-17,269,Sat,Dec,Summer,1,1,0,0,0,0
5470,1226.14285714286,2016-12-18,270,Sun,Dec,Summer,1,1,0,0,0,0
5389,1212.42857142857,2016-12-19,271,Mon,Dec,Summer,0,1,0,1,0,0
4257,1107.71428571429,2016-12-20,272,Tue,Dec,Summer,0,1,0,0,0,0
4366,1129.71428571429,2016-12-21,273,Wed,Dec,Summer,0,1,0,0,0,0
5918,1171,2016-12-22,274,Thu,Dec,Summer,0,1,0,1,0,0
6519,1146.85714285714,2016-12-23,275,Fri,Dec,Summer,0,1,0,1,0,0
4282,1174.42857142857,2016-12-24,276,Sat,Dec,Summer,1,1,0,1,0,0
5470,1146.85714285714,2016-12-25,277,Sun,Dec,Summer,1,1,1,0,0,0
5569,1118.57142857143,2016-12-26,278,Mon,Dec,Summer,0,1,1,1,0,0
9745,1103.42857142857,2016-12-27,279,Tue,Dec,Summer,0,1,1,1,0,0
7196,1020.14285714286,2016-12-28,280,Wed,Dec,Summer,0,1,0,0,0,0
9314,967.857142857143,2016-12-29,281,Thu,Dec,Summer,0,1,0,1,0,0
6147,1071.85714285714,2016-12-30,282,Fri,Dec,Summer,0,1,0,0,0,0
6429,1171.14285714286,2016-12-31,283,Sat,Dec,Summer,1,1,0,0,0,0
7492,1251.71428571429,2017-01-01,284,Sun,Jan,Summer,1,1,1,0,0,0
8581,1303.42857142857,2017-01-02,285,Mon,Jan,Summer,0,1,1,1,0,0
8291,1355.71428571429,2017-01-03,286,Tue,Jan,Summer,0,1,1,0,0,0
7143,1603,2017-01-04,287,Wed,Jan,Summer,0,1,0,1,0,0
6403,1716.57142857143,2017-01-05,288,Thu,Jan,Summer,0,1,0,1,0,0
7353,1759.28571428571,2017-01-06,289,Fri,Jan,Summer,0,1,0,1,0,0
5788,1733.14285714286,2017-01-07,290,Sat,Jan,Summer,1,1,0,0,0,0
5773,1665,2017-01-08,291,Sun,Jan,Summer,1,1,0,0,0,0
6018,1656,2017-01-09,292,Mon,Jan,Summer,0,1,0,1,0,0
6506,1675.28571428571,2017-01-10,293,Tue,Jan,Summer,0,1,0,1,0,0
6611,1532.71428571429,2017-01-11,294,Wed,Jan,Summer,0,1,0,1,0,0
6900,1491.42857142857,2017-01-12,295,Thu,Jan,Summer,0,1,0,1,0,0
5824,1423.28571428571,2017-01-13,296,Fri,Jan,Summer,0,1,0,1,0,0
6215,1408.71428571429,2017-01-14,297,Sat,Jan,Summer,1,1,0,0,0,0
7428,1454.14285714286,2017-01-15,298,Sun,Jan,Summer,1,1,0,0,0,0
5963,1496.85714285714,2017-01-16,299,Mon,Jan,Summer,0,1,0,1,0,0
5911,1490.71428571429,2017-01-17,300,Tue,Jan,Summer,0,1,0,1,0,0
5873,1512,2017-01-18,301,Wed,Jan,Summer,0,1,0,0,0,0
5474,1490,2017-01-19,302,Thu,Jan,Summer,0,1,0,0,0,0
5565,1442.42857142857,2017-01-20,303,Fri,Jan,Summer,0,1,0,1,0,0
7750,1459,2017-01-21,304,Sat,Jan,Summer,1,1,0,0,0,1
7704,1467.28571428571,2017-01-22,305,Sun,Jan,Summer,1,1,0,1,0,0
7886,1444.57142857143,2017-01-23,306,Mon,Jan,Summer,0,1,1,0,0,0
5129,1441.14285714286,2017-01-24,307,Tue,Jan,Summer,0,1,0,1,0,0
5574,1430.14285714286,2017-01-25,308,Wed,Jan,Summer,0,1,0,1,0,0
5117,1450.14285714286,2017-01-26,309,Thu,Jan,Summer,0,1,0,0,0,0
6115,1419.85714285714,2017-01-27,310,Fri,Jan,Summer,0,1,0,0,0,0
6165,1378.57142857143,2017-01-28,311,Sat,Jan,Summer,1,1,0,1,0,1
5815,1347.57142857143,2017-01-29,312,Sun,Jan,Summer,1,1,0,0,0,1
5426,1315.85714285714,2017-01-30,313,Mon,Jan,Summer,0,0,0,1,0,0
4960,1280,2017-01-31,314,Tue,Jan,Summer,0,0,0,0,0,0
4979,1214.57142857143,2017-02-01,315,Wed,Feb,Summer,0,0,0,0,0,0
4753,1174.57142857143,2017-02-02,316,Thu,Feb,Summer,0,0,0,0,0,1
5338,1167,2017-02-03,317,Fri,Feb,Summer,0,0,0,0,0,0
6233,1142.85714285714,2017-02-04,318,Sat,Feb,Summer,1,0,0,0,0,0
5831,1127.71428571429,2017-02-05,319,Sun,Feb,Summer,1,0,0,0,0,0
7252,1141.57142857143,2017-02-06,320,Mon,Feb,Summer,0,0,1,1,0,0
5121,1160.14285714286,2017-02-07,321,Tue,Feb,Summer,0,0,0,1,0,0
4356,1142.14285714286,2017-02-08,322,Wed,Feb,Summer,0,0,0,0,0,0
4367,1099.42857142857,2017-02-09,323,Thu,Feb,Summer,0,0,0,1,0,0
4006,1094.57142857143,2017-02-10,324,Fri,Feb,Summer,0,0,0,1,0,0
5575,1083.57142857143,2017-02-11,325,Sat,Feb,Summer,1,0,0,1,0,0
6744,1059.42857142857,2017-02-12,326,Sun,Feb,Summer,1,0,0,1,0,0
5981,1021.42857142857,2017-02-13,327,Mon,Feb,Summer,0,0,0,1,0,0
4893,1012.57142857143,2017-02-14,328,Tue,Feb,Summer,0,0,0,1,0,0
4185,1065.71428571429,2017-02-15,329,Wed,Feb,Summer,0,0,0,1,0,0
4672,1102.85714285714,2017-02-16,330,Thu,Feb,Summer,0,0,0,1,0,0
5887,1105,2017-02-17,331,Fri,Feb,Summer,0,0,0,1,0,0
7692,1051.85714285714,2017-02-18,332,Sat,Feb,Summer,1,0,0,0,0,0
5431,1071.14285714286,2017-02-19,333,Sun,Feb,Summer,1,0,0,0,0,0
4322,1133.85714285714,2017-02-20,334,Mon,Feb,Summer,0,0,0,1,0,0
5261,1170.28571428571,2017-02-21,335,Tue,Feb,Summer,0,0,0,1,0,0
4594,1106.14285714286,2017-02-22,336,Wed,Feb,Summer,0,0,0,1,0,0
6443,1080,2017-02-23,337,Thu,Feb,Summer,0,0,0,0,0,0
4911,1033.85714285714,2017-02-24,338,Fri,Feb,Summer,0,0,0,1,0,0
6358,1077.28571428571,2017-02-25,339,Sat,Feb,Summer,1,0,0,1,0,1
6522,1160.71428571429,2017-02-26,340,Sun,Feb,Summer,1,0,0,0,0,0
5699,1153.85714285714,2017-02-27,341,Mon,Feb,Summer,0,0,0,1,0,0
4162,1122.14285714286,2017-02-28,342,Tue,Feb,Summer,0,0,0,0,0,0
3814,1149.71428571429,2017-03-01,343,Wed,Mar,Autumn,0,0,0,0,0,0
4153,1120.85714285714,2017-03-02,344,Thu,Mar,Autumn,0,0,0,0,0,0
6041,1113.28571428571,2017-03-03,345,Fri,Mar,Autumn,0,0,0,1,0,0
5666,1085,2017-03-04,346,Sat,Mar,Autumn,1,0,0,0,0,0
5558,994,2017-03-05,347,Sun,Mar,Autumn,1,0,0,0,0,0
4420,952.714285714286,2017-03-06,348,Mon,Mar,Autumn,0,0,0,0,0,0
5159,909.285714285714,2017-03-07,349,Tue,Mar,Autumn,0,0,0,1,0,0
3983,874.142857142857,2017-03-08,350,Wed,Mar,Autumn,0,0,0,0,0,0
5486,910.571428571428,2017-03-09,351,Thu,Mar,Autumn,0,0,0,1,0,0
5577,988.285714285714,2017-03-10,352,Fri,Mar,Autumn,0,0,0,1,0,0
6573,1083.42857142857,2017-03-11,353,Sat,Mar,Autumn,1,0,0,1,0,0
6545,1106.14285714286,2017-03-12,354,Sun,Mar,Autumn,1,0,0,1,0,0
4293,1125.42857142857,2017-03-13,355,Mon,Mar,Autumn,0,0,0,0,0,0
4578,1288.14285714286,2017-03-14,356,Tue,Mar,Autumn,0,0,0,0,0,0
4808,1385.28571428571,2017-03-15,357,Wed,Mar,Autumn,0,0,0,0,0,0
3949,1411.42857142857,2017-03-16,358,Thu,Mar,Autumn,0,0,0,0,0,0
4707,1399.14285714286,2017-03-17,359,Fri,Mar,Autumn,0,0,0,0,0,0
6621,1347.42857142857,2017-03-18,360,Sat,Mar,Autumn,1,0,0,0,1,0
6055,1335.71428571429,2017-03-19,361,Sun,Mar,Autumn,1,0,0,1,0,0
4495,1344,2017-03-20,362,Mon,Mar,Autumn,0,0,0,0,0,0
3426,1236.42857142857,2017-03-21,363,Tue,Mar,Autumn,0,0,0,0,0,0
4991,1158.57142857143,2017-03-22,364,Wed,Mar,Autumn,0,0,0,1,0,0
4829,1177.28571428571,2017-03-23,365,Thu,Mar,Autumn,0,0,0,1,0,0
4805,1145.57142857143,2017-03-24,366,Fri,Mar,Autumn,0,0,0,0,0,0
6323,1089.14285714286,2017-03-25,367,Sat,Mar,Autumn,1,0,0,1,1,0
5129,1050.57142857143,2017-03-26,368,Sun,Mar,Autumn,1,0,0,0,0,0
3650,1023.71428571429,2017-03-27,369,Mon,Mar,Autumn,0,0,0,0,0,0
3087,1003.71428571429,2017-03-28,370,Tue,Mar,Autumn,0,0,0,0,0,1
3929,1023,2017-03-29,371,Wed,Mar,Autumn,0,0,0,1,0,0
3284,946.428571428572,2017-03-30,372,Thu,Mar,Autumn,0,0,0,0,0,0
3676,965,2017-03-31,373,Fri,Mar,Autumn,0,0,0,0,0,0
5658,1017.28571428571,2017-04-01,374,Sat,Apr,Autumn,1,0,0,0,0,0
5338,1042.14285714286,2017-04-02,375,Sun,Apr,Autumn,1,0,0,0,0,0
3993,1025.57142857143,2017-04-03,376,Mon,Apr,Autumn,0,0,0,0,0,0
4255,1044.28571428571,2017-04-04,377,Tue,Apr,Autumn,0,0,0,1,0,0
3429,1084.28571428571,2017-04-05,378,Wed,Apr,Autumn,0,0,0,0,1,0
4026,1142.14285714286,2017-04-06,379,Thu,Apr,Autumn,0,0,0,1,1,0
4022,1192.42857142857,2017-04-07,380,Fri,Apr,Autumn,0,0,0,0,1,0
4946,1170.42857142857,2017-04-08,381,Sat,Apr,Autumn,1,0,0,0,0,0
5993,1141.42857142857,2017-04-09,382,Sun,Apr,Autumn,1,0,0,1,0,0
3900,1131.14285714286,2017-04-10,383,Mon,Apr,Autumn,0,0,0,0,1,0
4517,1111.14285714286,2017-04-11,384,Tue,Apr,Autumn,0,0,0,0,1,0
4166,1080.85714285714,2017-04-12,385,Wed,Apr,Autumn,0,0,0,0,1,0
3436,1101.57142857143,2017-04-13,386,Thu,Apr,Autumn,0,0,0,0,0,0
6781,1101.57142857143,2017-04-14,387,Fri,Apr,Autumn,0,1,1,0,0,0
7802,1179.42857142857,2017-04-15,388,Sat,Apr,Autumn,1,1,0,0,0,0
8899,1241.42857142857,2017-04-16,389,Sun,Apr,Autumn,1,1,0,1,1,0
6479,1408.71428571429,2017-04-17,390,Mon,Apr,Autumn,0,1,1,0,0,0
4683,1508.57142857143,2017-04-18,391,Tue,Apr,Autumn,0,1,0,0,0,0
5080,1576,2017-04-19,392,Wed,Apr,Autumn,0,1,0,0,0,0
5173,1598.71428571429,2017-04-20,393,Thu,Apr,Autumn,0,1,0,1,0,0
5552,1589.14285714286,2017-04-21,394,Fri,Apr,Autumn,0,1,0,0,0,0
6275,1528.57142857143,2017-04-22,395,Sat,Apr,Autumn,1,1,0,1,1,0
6062,1517.57142857143,2017-04-23,396,Sun,Apr,Autumn,1,1,0,0,1,0
5260,1395.71428571429,2017-04-24,397,Mon,Apr,Autumn,0,1,0,0,1,0
5027,1295.85714285714,2017-04-25,398,Tue,Apr,Autumn,0,1,1,0,0,0
4206,1222.85714285714,2017-04-26,399,Wed,Apr,Autumn,0,1,0,0,1,0
4151,1186.42857142857,2017-04-27,400,Thu,Apr,Autumn,0,1,0,0,0,0
4893,1168.42857142857,2017-04-28,401,Fri,Apr,Autumn,0,1,0,0,0,0
5121,1136,2017-04-29,402,Sat,Apr,Autumn,1,1,0,0,0,0
5485,1081.57142857143,2017-04-30,403,Sun,Apr,Autumn,1,1,0,0,0,0
2405,1044.28571428571,2017-05-01,404,Mon,May,Autumn,0,0,0,0,0,0
2416,1049.14285714286,2017-05-02,405,Tue,May,Autumn,0,0,0,0,0,0
2424,1029.14285714286,2017-05-03,406,Wed,May,Autumn,0,0,0,0,0,0
2233,989.857142857143,2017-05-04,407,Thu,May,Autumn,0,0,0,0,0,0
2722,898.285714285714,2017-05-05,408,Fri,May,Autumn,0,0,0,0,0,0
4636,863.142857142857,2017-05-06,409,Sat,May,Autumn,1,0,0,0,0,0
3894,822.571428571429,2017-05-07,410,Sun,May,Autumn,1,0,0,0,0,0
2316,764.714285714286,2017-05-08,411,Mon,May,Autumn,0,0,0,0,1,0
2448,720.571428571429,2017-05-09,412,Tue,May,Autumn,0,0,0,0,1,0
2827,689,2017-05-10,413,Wed,May,Autumn,0,0,0,0,1,0
2372,669.714285714286,2017-05-11,414,Thu,May,Autumn,0,0,0,0,0,0
2962,689.714285714286,2017-05-12,415,Fri,May,Autumn,0,0,0,0,0,0
4893,691.857142857143,2017-05-13,416,Sat,May,Autumn,1,0,0,0,0,0
4472,723.571428571429,2017-05-14,417,Sun,May,Autumn,1,0,0,0,0,0
2354,749.857142857143,2017-05-15,418,Mon,May,Autumn,0,0,0,0,0,0
2425,743.714285714286,2017-05-16,419,Tue,May,Autumn,0,0,0,0,0,0
3031,712.714285714286,2017-05-17,420,Wed,May,Autumn,0,0,0,0,1,0
2717,678.857142857143,2017-05-18,421,Thu,May,Autumn,0,0,0,0,0,0
3261,679.428571428571,2017-05-19,422,Fri,May,Autumn,0,0,0,0,1,0
4533,701.428571428571,2017-05-20,423,Sat,May,Autumn,1,0,0,0,0,0
4247,692.428571428571,2017-05-21,424,Sun,May,Autumn,1,0,0,0,0,0
2276,708.857142857143,2017-05-22,425,Mon,May,Autumn,0,0,0,0,0,0
3203,717,2017-05-23,426,Tue,May,Autumn,0,0,0,0,1,0
2187,726.571428571429,2017-05-24,427,Wed,May,Autumn,0,0,0,0,0,0
2330,748,2017-05-25,428,Thu,May,Autumn,0,0,0,0,0,0
2643,757,2017-05-26,429,Fri,May,Autumn,0,0,0,0,0,0
3809,747.285714285714,2017-05-27,430,Sat,May,Autumn,1,0,0,0,0,0
4027,733.571428571429,2017-05-28,431,Sun,May,Autumn,1,0,0,0,0,0
2060,698.428571428572,2017-05-29,432,Mon,May,Autumn,0,0,0,0,0,0
2117,706,2017-05-30,433,Tue,May,Autumn,0,0,0,0,0,0
2163,711.571428571429,2017-05-31,434,Wed,May,Autumn,0,0,0,0,0,0
2157,713,2017-06-01,435,Thu,Jun,Winter,0,0,0,0,0,0
2711,709.571428571429,2017-06-02,436,Fri,Jun,Winter,0,0,0,0,0,0
4422,704.857142857143,2017-06-03,437,Sat,Jun,Winter,1,0,0,0,0,0
5968,720,2017-06-04,438,Sun,Jun,Winter,1,0,0,0,0,0
5145,766.142857142857,2017-06-05,439,Mon,Jun,Winter,0,0,1,0,0,0
2032,780,2017-06-06,440,Tue,Jun,Winter,0,0,0,0,0,0
2173,824.714285714286,2017-06-07,441,Wed,Jun,Winter,0,0,0,0,0,1
2248,838.428571428572,2017-06-08,442,Thu,Jun,Winter,0,0,0,0,0,1
2746,822.571428571429,2017-06-09,443,Fri,Jun,Winter,0,0,0,0,0,1
3696,802.571428571429,2017-06-10,444,Sat,Jun,Winter,1,0,0,0,0,1
3740,808,2017-06-11,445,Sun,Jun,Winter,1,0,0,0,0,1
2389,801.142857142857,2017-06-12,446,Mon,Jun,Winter,0,0,0,0,0,0
2091,795.571428571429,2017-06-13,447,Tue,Jun,Winter,0,0,0,0,0,0
1881,748.714285714286,2017-06-14,448,Wed,Jun,Winter,0,0,0,0,0,0
2065,743.857142857143,2017-06-15,449,Thu,Jun,Winter,0,0,0,0,1,0
2841,750.142857142857,2017-06-16,450,Fri,Jun,Winter,0,0,0,0,1,0
4153,783.142857142857,2017-06-17,451,Sat,Jun,Winter,1,0,0,0,0,0
3973,773.571428571429,2017-06-18,452,Sun,Jun,Winter,1,0,0,0,0,1
2189,791.571428571429,2017-06-19,453,Mon,Jun,Winter,0,0,0,0,0,0
2032,787.428571428572,2017-06-20,454,Tue,Jun,Winter,0,0,0,0,0,0
2674,801.285714285714,2017-06-21,455,Wed,Jun,Winter,0,0,0,0,0,0
2159,797.857142857143,2017-06-22,456,Thu,Jun,Winter,0,0,0,0,0,0
2509,780.571428571429,2017-06-23,457,Fri,Jun,Winter,0,0,0,0,0,0
5036,771.571428571429,2017-06-24,458,Sat,Jun,Winter,1,0,0,0,0,0
4948,812.857142857143,2017-06-25,459,Sun,Jun,Winter,1,0,0,0,0,0
2473,797.714285714286,2017-06-26,460,Mon,Jun,Winter,0,0,0,0,0,0
3601,848.714285714286,2017-06-27,461,Tue,Jun,Winter,0,0,0,0,0,1
4241,923.714285714286,2017-06-28,462,Wed,Jun,Winter,0,0,0,0,0,0
3587,945.142857142857,2017-06-29,463,Thu,Jun,Winter,0,0,0,0,0,0
6031,945.857142857143,2017-06-30,464,Fri,Jun,Winter,0,0,0,0,0,0
6511,978.285714285714,2017-07-01,465,Sat,Jul,Winter,1,0,0,0,0,1
5254,959,2017-07-02,466,Sun,Jul,Winter,1,0,0,0,0,0
2931,958.285714285714,2017-07-03,467,Mon,Jul,Winter,0,0,0,0,0,0
2243,914.857142857143,2017-07-04,468,Tue,Jul,Winter,0,0,0,0,0,0
2694,858.428571428572,2017-07-05,469,Wed,Jul,Winter,0,0,0,0,0,0
2586,837.714285714286,2017-07-06,470,Thu,Jul,Winter,0,0,0,0,0,0
3071,846,2017-07-07,471,Fri,Jul,Winter,0,0,0,0,0,0
3843,863.285714285714,2017-07-08,472,Sat,Jul,Winter,1,1,0,0,0,0
4758,857.142857142857,2017-07-09,473,Sun,Jul,Winter,1,1,0,0,0,0
4961,844,2017-07-10,474,Mon,Jul,Winter,0,1,0,0,0,0
4564,823.428571428572,2017-07-11,475,Tue,Jul,Winter,0,1,0,0,0,0
4000,848.857142857143,2017-07-12,476,Wed,Jul,Winter,0,1,0,0,0,0
3297,932.142857142857,2017-07-13,477,Thu,Jul,Winter,0,1,0,0,0,0
3611,967.285714285714,2017-07-14,478,Fri,Jul,Winter,0,1,0,0,0,0
5446,919.714285714286,2017-07-15,479,Sat,Jul,Winter,1,1,0,0,0,0
5368,900.428571428571,2017-07-16,480,Sun,Jul,Winter,1,1,0,0,0,0
3846,908.714285714286,2017-07-17,481,Mon,Jul,Winter,0,1,0,0,0,0
4675,903.142857142857,2017-07-18,482,Tue,Jul,Winter,0,1,0,0,0,0
5752,886.571428571429,2017-07-19,483,Wed,Jul,Winter,0,1,0,0,0,0
4821,839.142857142857,2017-07-20,484,Thu,Jul,Winter,0,1,0,0,0,0
4556,834.285714285714,2017-07-21,485,Fri,Jul,Winter,0,1,0,0,0,0
6161,828.142857142857,2017-07-22,486,Sat,Jul,Winter,1,1,0,0,0,0
3786,835,2017-07-23,487,Sun,Jul,Winter,1,1,0,0,0,0
1836,830.142857142857,2017-07-24,488,Mon,Jul,Winter,0,0,0,0,0,0
1985,888.714285714286,2017-07-25,489,Tue,Jul,Winter,0,0,0,0,0,0
1742,835.714285714286,2017-07-26,490,Wed,Jul,Winter,0,0,0,0,0,0
1818,751.571428571429,2017-07-27,491,Thu,Jul,Winter,0,0,0,0,0,0
2474,712.285714285714,2017-07-28,492,Fri,Jul,Winter,0,0,0,0,0,0
4003,708.714285714286,2017-07-29,493,Sat,Jul,Winter,1,0,0,0,0,0
4183,683.857142857143,2017-07-30,494,Sun,Jul,Winter,1,0,0,0,0,0
2225,677.714285714286,2017-07-31,495,Mon,Jul,Winter,0,0,0,0,1,0
2185,598.428571428572,2017-08-01,496,Tue,Aug,Winter,0,0,0,0,0,0
2436,591.571428571429,2017-08-02,497,Wed,Aug,Winter,0,0,0,0,0,0
2413,624,2017-08-03,498,Thu,Aug,Winter,0,0,0,0,0,0
2652,617.142857142857,2017-08-04,499,Fri,Aug,Winter,0,0,0,0,0,0
5088,651.714285714286,2017-08-05,500,Sat,Aug,Winter,1,0,0,0,0,0
3852,675.857142857143,2017-08-06,501,Sun,Aug,Winter,1,0,0,0,0,0
2020,676.571428571429,2017-08-07,502,Mon,Aug,Winter,0,0,0,0,0,0
2284,720,2017-08-08,503,Tue,Aug,Winter,0,0,0,0,0,0
2519,766.857142857143,2017-08-09,504,Wed,Aug,Winter,0,0,0,0,0,0
2328,735.142857142857,2017-08-10,505,Thu,Aug,Winter,0,0,0,0,0,0
2475,737.857142857143,2017-08-11,506,Fri,Aug,Winter,0,0,0,0,0,0
4650,688.142857142857,2017-08-12,507,Sat,Aug,Winter,1,0,0,0,0,0
4871,657.857142857143,2017-08-13,508,Sun,Aug,Winter,1,0,0,0,0,0
1970,646.142857142857,2017-08-14,509,Mon,Aug,Winter,0,0,0,0,0,0
2338,613.142857142857,2017-08-15,510,Tue,Aug,Winter,0,0,0,0,0,0
1902,604.142857142857,2017-08-16,511,Wed,Aug,Winter,0,0,0,0,0,0
2153,613.857142857143,2017-08-17,512,Thu,Aug,Winter,0,0,0,0,0,0
2325,624.142857142857,2017-08-18,513,Fri,Aug,Winter,0,0,0,0,0,0
3871,646.285714285714,2017-08-19,514,Sat,Aug,Winter,1,0,0,0,0,0
3888,680,2017-08-20,515,Sun,Aug,Winter,1,0,0,0,0,0
2437,675.142857142857,2017-08-21,516,Mon,Aug,Winter,0,0,0,0,0,0
2107,671.714285714286,2017-08-22,517,Tue,Aug,Winter,0,0,0,0,0,0
2300,651.714285714286,2017-08-23,518,Wed,Aug,Winter,0,0,0,0,0,0
2376,662,2017-08-24,519,Thu,Aug,Winter,0,0,0,0,1,0
2450,669,2017-08-25,520,Fri,Aug,Winter,0,0,0,0,0,0
3864,688.857142857143,2017-08-26,521,Sat,Aug,Winter,1,0,0,0,0,0
3212,684.714285714286,2017-08-27,522,Sun,Aug,Winter,1,0,0,0,0,0
2025,706,2017-08-28,523,Mon,Aug,Winter,0,0,0,0,0,0
1980,723.142857142857,2017-08-29,524,Tue,Aug,Winter,0,0,0,0,0,0
2120,712.142857142857,2017-08-30,525,Wed,Aug,Winter,0,0,0,0,1,0
2231,730,2017-08-31,526,Thu,Aug,Winter,0,0,0,0,0,0
2638,720.285714285714,2017-09-01,527,Fri,Sep,Spring,0,0,0,0,0,0
3877,700.428571428571,2017-09-02,528,Sat,Sep,Spring,1,0,0,0,0,0
3550,675.714285714286,2017-09-03,529,Sun,Sep,Spring,1,0,0,0,0,0
2250,686.857142857143,2017-09-04,530,Mon,Sep,Spring,0,0,0,0,0,0
2201,684.142857142857,2017-09-05,531,Tue,Sep,Spring,0,0,0,0,0,0
2380,702.714285714286,2017-09-06,532,Wed,Sep,Spring,0,0,0,0,0,0
2638,700.714285714286,2017-09-07,533,Thu,Sep,Spring,0,0,0,0,0,0
3116,711,2017-09-08,534,Fri,Sep,Spring,0,0,0,0,0,0
3918,720.571428571429,2017-09-09,535,Sat,Sep,Spring,1,0,0,0,0,0
3993,748,2017-09-10,536,Sun,Sep,Spring,1,0,0,0,0,0
2175,716.285714285714,2017-09-11,537,Mon,Sep,Spring,0,0,0,0,0,0
2235,713.571428571429,2017-09-12,538,Tue,Sep,Spring,0,0,0,0,0,0
2116,677.857142857143,2017-09-13,539,Wed,Sep,Spring,0,0,0,0,0,0
2372,664.714285714286,2017-09-14,540,Thu,Sep,Spring,0,0,0,0,0,0
2634,661.285714285714,2017-09-15,541,Fri,Sep,Spring,0,0,0,0,0,0
4268,608.285714285714,2017-09-16,542,Sat,Sep,Spring,1,0,0,0,0,0
3840,627,2017-09-17,543,Sun,Sep,Spring,1,0,0,0,0,0
2168,642.142857142857,2017-09-18,544,Mon,Sep,Spring,0,0,0,0,0,0
2059,640,2017-09-19,545,Tue,Sep,Spring,0,0,0,0,0,0
2226,672.285714285714,2017-09-20,546,Wed,Sep,Spring,0,0,0,0,0,0
2636,675.714285714286,2017-09-21,547,Thu,Sep,Spring,0,0,0,0,0,0
3142,652.285714285714,2017-09-22,548,Fri,Sep,Spring,0,0,0,0,0,0
4182,675.714285714286,2017-09-23,549,Sat,Sep,Spring,1,0,0,0,0,0
4223,635.714285714286,2017-09-24,550,Sun,Sep,Spring,1,0,0,0,0,0
2456,621.857142857143,2017-09-25,551,Mon,Sep,Spring,0,0,0,0,0,0
2913,613,2017-09-26,552,Tue,Sep,Spring,0,0,0,0,0,0
2786,592.428571428571,2017-09-27,553,Wed,Sep,Spring,0,0,0,0,0,0
2994,613.142857142857,2017-09-28,554,Thu,Sep,Spring,0,0,0,0,0,0
4065,705.571428571429,2017-09-29,555,Fri,Sep,Spring,0,0,0,0,0,0
6130,729,2017-09-30,556,Sat,Sep,Spring,1,1,0,0,0,0
5616,789,2017-10-01,557,Sun,Oct,Spring,1,1,0,0,0,0
4575,955.714285714286,2017-10-02,558,Mon,Oct,Spring,0,1,0,0,0,0
4665,1052.71428571429,2017-10-03,559,Tue,Oct,Spring,0,1,0,0,0,0
5495,1151.14285714286,2017-10-04,560,Wed,Oct,Spring,0,1,0,1,0,0
5332,1231.71428571429,2017-10-05,561,Thu,Oct,Spring,0,1,0,0,0,0
5132,1226.85714285714,2017-10-06,562,Fri,Oct,Spring,0,1,0,0,0,0
6228,1246.14285714286,2017-10-07,563,Sat,Oct,Spring,1,1,0,0,0,0
6562,1247.42857142857,2017-10-08,564,Sun,Oct,Spring,1,1,0,1,0,0
4704,1121.42857142857,2017-10-09,565,Mon,Oct,Spring,0,1,0,0,0,0
4174,1112.57142857143,2017-10-10,566,Tue,Oct,Spring,0,1,0,0,0,0
4596,1070.57142857143,2017-10-11,567,Wed,Oct,Spring,0,1,0,0,0,0
5370,1026.57142857143,2017-10-12,568,Thu,Oct,Spring,0,1,0,0,1,0
4501,985.142857142857,2017-10-13,569,Fri,Oct,Spring,0,1,0,0,0,0
3850,1020.28571428571,2017-10-14,570,Sat,Oct,Spring,1,1,0,0,0,0
3094,1039.57142857143,2017-10-15,571,Sun,Oct,Spring,1,1,0,0,0,0
1937,1057.42857142857,2017-10-16,572,Mon,Oct,Spring,0,0,0,0,0,0
2232,1031.28571428571,2017-10-17,573,Tue,Oct,Spring,0,0,0,0,1,0
2367,1043.71428571429,2017-10-18,574,Wed,Oct,Spring,0,0,0,0,1,0
1986,1005.71428571429,2017-10-19,575,Thu,Oct,Spring,0,0,0,0,0,0
2633,960.285714285714,2017-10-20,576,Fri,Oct,Spring,0,0,0,0,0,0
4787,910.714285714286,2017-10-21,577,Sat,Oct,Spring,1,0,0,0,0,0
5270,835,2017-10-22,578,Sun,Oct,Spring,1,0,0,0,0,0
4117,769.571428571429,2017-10-23,579,Mon,Oct,Spring,0,0,1,0,0,0
2473,733.714285714286,2017-10-24,580,Tue,Oct,Spring,0,0,0,0,0,0
2596,693.714285714286,2017-10-25,581,Wed,Oct,Spring,0,0,0,0,0,0
2727,680.714285714286,2017-10-26,582,Thu,Oct,Spring,0,0,0,0,0,0
3176,705.571428571429,2017-10-27,583,Fri,Oct,Spring,0,0,0,0,0,0
4014,706.857142857143,2017-10-28,584,Sat,Oct,Spring,1,0,0,0,0,0
3799,718.571428571429,2017-10-29,585,Sun,Oct,Spring,1,0,0,0,0,0
2896,729.571428571429,2017-10-30,586,Mon,Oct,Spring,0,0,0,0,0,0
2499,728.142857142857,2017-10-31,587,Tue,Oct,Spring,0,0,0,0,0,0
2582,716.428571428572,2017-11-01,588,Wed,Nov,Spring,0,0,0,0,0,0
2884,710.142857142857,2017-11-02,589,Thu,Nov,Spring,0,0,0,1,0,0
3389,728,2017-11-03,590,Fri,Nov,Spring,0,0,0,0,0,0
4671,709.428571428571,2017-11-04,591,Sat,Nov,Spring,1,0,0,0,0,0
4121,709.428571428571,2017-11-05,592,Sun,Nov,Spring,1,0,0,0,0,0
2904,717.714285714286,2017-11-06,593,Mon,Nov,Spring,0,0,0,0,0,0
4359,706.714285714286,2017-11-07,594,Tue,Nov,Spring,0,0,0,1,0,0
2994,681.285714285714,2017-11-08,595,Wed,Nov,Spring,0,0,0,0,0,0
4439,698.571428571429,2017-11-09,596,Thu,Nov,Spring,0,0,0,1,0,0
5354,682,2017-11-10,597,Fri,Nov,Spring,0,0,0,1,0,0
10488,722,2017-11-11,598,Sat,Nov,Spring,1,0,0,0,0,1
5235,739.857142857143,2017-11-12,599,Sun,Nov,Spring,1,0,0,0,0,0
3479,784,2017-11-13,600,Mon,Nov,Spring,0,0,0,0,0,0
2951,804.714285714286,2017-11-14,601,Tue,Nov,Spring,0,0,0,0,0,0
3983,839.857142857143,2017-11-15,602,Wed,Nov,Spring,0,0,0,1,0,0
3099,850.142857142857,2017-11-16,603,Thu,Nov,Spring,0,0,0,0,0,0
3438,825.428571428571,2017-11-17,604,Fri,Nov,Spring,0,0,0,0,0,0
4826,827.428571428571,2017-11-18,605,Sat,Nov,Spring,1,0,0,0,0,1
4499,793.714285714286,2017-11-19,606,Sun,Nov,Spring,1,0,0,0,0,0
3534,764,2017-11-20,607,Mon,Nov,Spring,0,0,0,0,0,0
3438,766,2017-11-21,608,Tue,Nov,Spring,0,0,0,0,0,0
3425,757.714285714286,2017-11-22,609,Wed,Nov,Spring,0,0,0,0,0,0
3414,782.571428571429,2017-11-23,610,Thu,Nov,Spring,0,0,0,1,0,0
4070,834.857142857143,2017-11-24,611,Fri,Nov,Spring,0,0,0,0,0,0
5121,819.714285714286,2017-11-25,612,Sat,Nov,Spring,1,0,0,0,0,0
4660,867.857142857143,2017-11-26,613,Sun,Nov,Spring,1,0,0,0,0,0
3214,853.428571428571,2017-11-27,614,Mon,Nov,Spring,0,0,0,0,0,0
3201,859,2017-11-28,615,Tue,Nov,Spring,0,0,0,0,0,0
3280,897.571428571429,2017-11-29,616,Wed,Nov,Spring,0,0,0,0,0,0
3628,870,2017-11-30,617,Thu,Nov,Spring,0,0,0,0,0,0
3420,853.571428571429,2017-12-01,618,Fri,Dec,Summer,0,0,0,0,0,0
5527,849.428571428572,2017-12-02,619,Sat,Dec,Summer,1,0,0,1,0,0
4847,829.571428571429,2017-12-03,620,Sun,Dec,Summer,1,0,0,0,0,0
3275,832.285714285714,2017-12-04,621,Mon,Dec,Summer,0,0,0,0,0,0
4324,841.857142857143,2017-12-05,622,Tue,Dec,Summer,0,0,0,1,0,0
3117,801.857142857143,2017-12-06,623,Wed,Dec,Summer,0,0,0,0,0,0
3531,823.285714285714,2017-12-07,624,Thu,Dec,Summer,0,0,0,1,0,0
4053,837,2017-12-08,625,Fri,Dec,Summer,0,0,0,1,0,0
5804,842.571428571429,2017-12-09,626,Sat,Dec,Summer,1,0,0,1,0,0
6645,863.857142857143,2017-12-10,627,Sun,Dec,Summer,1,0,0,1,0,0
3316,1114,2017-12-11,628,Mon,Dec,Summer,0,0,0,0,0,0
4294,1320,2017-12-12,629,Tue,Dec,Summer,0,0,0,1,0,0
4691,1504,2017-12-13,630,Wed,Dec,Summer,0,0,0,1,0,0
3590,1592.85714285714,2017-12-14,631,Thu,Dec,Summer,0,0,0,0,0,0
4666,1658.28571428571,2017-12-15,632,Fri,Dec,Summer,0,1,0,1,0,0
5228,1691.28571428571,2017-12-16,633,Sat,Dec,Summer,1,1,0,1,0,0
4794,1721.57142857143,2017-12-17,634,Sun,Dec,Summer,1,1,0,0,0,0
4327,1574.14285714286,2017-12-18,635,Mon,Dec,Summer,0,1,0,0,0,0
4725,1432.85714285714,2017-12-19,636,Tue,Dec,Summer,0,1,0,0,0,0
4840,1357.71428571429,2017-12-20,637,Wed,Dec,Summer,0,1,0,0,0,0
4984,1371.42857142857,2017-12-21,638,Thu,Dec,Summer,0,1,0,0,0,0
5274,1416.28571428571,2017-12-22,639,Fri,Dec,Summer,0,1,0,0,0,0
5091,1494.14285714286,2017-12-23,640,Sat,Dec,Summer,1,1,0,0,0,0
5367,1509.28571428571,2017-12-24,641,Sun,Dec,Summer,1,1,0,0,0,0
4327,1459.71428571429,2017-12-25,642,Mon,Dec,Summer,0,1,1,0,0,0
7184,1456.28571428571,2017-12-26,643,Tue,Dec,Summer,0,1,1,0,0,0
8250,1401.14285714286,2017-12-27,644,Wed,Dec,Summer,0,1,0,0,0,0
9786,1295,2017-12-28,645,Thu,Dec,Summer,0,1,0,1,0,0
9569,1392.14285714286,2017-12-29,646,Fri,Dec,Summer,0,1,0,1,0,0
6742,1555.42857142857,2017-12-30,647,Sat,Dec,Summer,1,1,0,0,0,0
7903,1744.85714285714,2017-12-31,648,Sun,Dec,Summer,1,1,0,1,0,0
7164,1894.28571428571,2018-01-01,649,Mon,Jan,Summer,0,1,1,1,0,0
8121,1946.71428571429,2018-01-02,650,Tue,Jan,Summer,0,1,1,1,0,0
6729,2038.42857142857,2018-01-03,651,Wed,Jan,Summer,0,1,0,1,0,0
7295,2108.71428571429,2018-01-04,652,Thu,Jan,Summer,0,1,0,0,0,0
7770,2018.42857142857,2018-01-05,653,Fri,Jan,Summer,0,1,0,0,0,0
7551,1867.57142857143,2018-01-06,654,Sat,Jan,Summer,1,1,0,0,0,0
6315,1787,2018-01-07,655,Sun,Jan,Summer,1,1,0,0,0,0
5693,1791.85714285714,2018-01-08,656,Mon,Jan,Summer,0,1,0,1,0,0
6317,1846.28571428571,2018-01-09,657,Tue,Jan,Summer,0,1,0,0,0,0
7755,1849.71428571429,2018-01-10,658,Wed,Jan,Summer,0,1,0,1,0,0
7773,1929,2018-01-11,659,Thu,Jan,Summer,0,1,0,1,0,0
7194,1965.42857142857,2018-01-12,660,Fri,Jan,Summer,0,1,0,1,0,0
6254,2041.85714285714,2018-01-13,661,Sat,Jan,Summer,1,1,0,0,0,0
6276,2033.57142857143,2018-01-14,662,Sun,Jan,Summer,1,1,0,1,0,0
5793,1988.71428571429,2018-01-15,663,Mon,Jan,Summer,0,1,0,1,0,0
4955,1898.42857142857,2018-01-16,664,Tue,Jan,Summer,0,1,0,0,0,0
6110,1873.57142857143,2018-01-17,665,Wed,Jan,Summer,0,1,0,1,0,0
5863,1845.28571428571,2018-01-18,666,Thu,Jan,Summer,0,1,0,0,0,0
5767,1837.71428571429,2018-01-19,667,Fri,Jan,Summer,0,1,0,0,0,0
7165,1805.28571428571,2018-01-20,668,Sat,Jan,Summer,1,1,0,0,0,1
7056,1772.28571428571,2018-01-21,669,Sun,Jan,Summer,1,1,0,1,0,0
7105,1720,2018-01-22,670,Mon,Jan,Summer,0,1,0,0,0,1
5382,1737.85714285714,2018-01-23,671,Tue,Jan,Summer,0,1,0,1,0,0
5218,1735.14285714286,2018-01-24,672,Wed,Jan,Summer,0,1,0,1,0,0
4681,1713.85714285714,2018-01-25,673,Thu,Jan,Summer,0,1,0,0,0,0
5330,1690.42857142857,2018-01-26,674,Fri,Jan,Summer,0,1,0,0,0,0
6423,1637.42857142857,2018-01-27,675,Sat,Jan,Summer,1,1,0,1,0,0
6592,1581.57142857143,2018-01-28,676,Sun,Jan,Summer,1,1,0,1,0,0
4521,1580.14285714286,2018-01-29,677,Mon,Jan,Summer,0,0,0,0,0,0
4153,1573.28571428571,2018-01-30,678,Tue,Jan,Summer,0,0,0,0,0,0
4768,1550.57142857143,2018-01-31,679,Wed,Jan,Summer,0,0,0,1,0,0
3465,1481,2018-02-01,680,Thu,Feb,Summer,0,0,0,0,0,0
4467,1442.42857142857,2018-02-02,681,Fri,Feb,Summer,0,0,0,1,0,0
6782,1380.42857142857,2018-02-03,682,Sat,Feb,Summer,1,0,0,1,0,0
6584,1339.14285714286,2018-02-04,683,Sun,Feb,Summer,1,0,0,1,0,0
4892,1319.14285714286,2018-02-05,684,Mon,Feb,Summer,0,0,0,0,0,0
7343,1324,2018-02-06,685,Tue,Feb,Summer,0,0,1,1,0,0
3254,1318.42857142857,2018-02-07,686,Wed,Feb,Summer,0,0,0,1,0,0
3797,1337,2018-02-08,687,Thu,Feb,Summer,0,0,0,1,0,0
4102,1296.42857142857,2018-02-09,688,Fri,Feb,Summer,0,0,0,1,0,0
6922,1257.14285714286,2018-02-10,689,Sat,Feb,Summer,1,0,0,0,0,0
8707,1282.57142857143,2018-02-11,690,Sun,Feb,Summer,1,0,0,1,0,0
4606,1265.42857142857,2018-02-12,691,Mon,Feb,Summer,0,0,0,0,0,0
5443,1300.57142857143,2018-02-13,692,Tue,Feb,Summer,0,0,0,1,0,1
7128,1351.57142857143,2018-02-14,693,Wed,Feb,Summer,0,0,0,0,0,0
5060,1324,2018-02-15,694,Thu,Feb,Summer,0,0,0,1,0,0
4413,1347.42857142857,2018-02-16,695,Fri,Feb,Summer,0,0,0,0,0,0
7688,1488.71428571429,2018-02-17,696,Sat,Feb,Summer,1,0,0,1,0,0
6696,1467.42857142857,2018-02-18,697,Sun,Feb,Summer,1,0,0,1,0,0
3956,1437.14285714286,2018-02-19,698,Mon,Feb,Summer,0,0,0,0,0,0
3976,1341.42857142857,2018-02-20,699,Tue,Feb,Summer,0,0,0,0,0,0
5344,1260.14285714286,2018-02-21,700,Wed,Feb,Summer,0,0,0,1,0,0
4424,1189.85714285714,2018-02-22,701,Thu,Feb,Summer,0,0,0,0,0,0
4727,1138.14285714286,2018-02-23,702,Fri,Feb,Summer,0,0,0,0,0,0
5825,958.285714285714,2018-02-24,703,Sat,Feb,Summer,1,0,0,0,0,0
6227,920.428571428572,2018-02-25,704,Sun,Feb,Summer,1,0,0,1,0,0
4966,883.142857142857,2018-02-26,705,Mon,Feb,Summer,0,0,0,1,0,0
5154,838.285714285714,2018-02-27,706,Tue,Feb,Summer,0,0,0,1,0,0
4293,786.571428571429,2018-02-28,707,Wed,Feb,Summer,0,0,0,0,0,0
3684,859.571428571429,2018-03-01,708,Thu,Mar,Autumn,0,0,0,0,0,0
5556,825.857142857143,2018-03-02,709,Fri,Mar,Autumn,0,0,0,1,0,0
6270,853.428571428571,2018-03-03,710,Sat,Mar,Autumn,1,0,0,1,0,1
4961,859.571428571429,2018-03-04,711,Sun,Mar,Autumn,1,0,0,0,0,0
3260,865.857142857143,2018-03-05,712,Mon,Mar,Autumn,0,0,0,0,0,0
3838,839.714285714286,2018-03-06,713,Tue,Mar,Autumn,0,0,0,0,0,0
3588,828.714285714286,2018-03-07,714,Wed,Mar,Autumn,0,0,0,0,0,0
4977,812.142857142857,2018-03-08,715,Thu,Mar,Autumn,0,0,0,1,0,0
4581,798.285714285714,2018-03-09,716,Fri,Mar,Autumn,0,0,0,0,0,0
7171,806.571428571429,2018-03-10,717,Sat,Mar,Autumn,1,0,0,1,0,0
5263,790,2018-03-11,718,Sun,Mar,Autumn,1,0,0,0,0,0
3762,782.428571428572,2018-03-12,719,Mon,Mar,Autumn,0,0,0,0,0,0
3403,793.428571428572,2018-03-13,720,Tue,Mar,Autumn,0,0,0,0,0,0
3756,780.428571428571,2018-03-14,721,Wed,Mar,Autumn,0,0,0,0,0,0
4399,759.142857142857,2018-03-15,722,Thu,Mar,Autumn,0,0,0,1,0,0
5655,797.142857142857,2018-03-16,723,Fri,Mar,Autumn,0,0,0,1,0,0
7763,784,2018-03-17,724,Sat,Mar,Autumn,1,0,0,1,0,0
7033,828.857142857143,2018-03-18,725,Sun,Mar,Autumn,1,0,0,1,0,0
4295,918.428571428571,2018-03-19,726,Mon,Mar,Autumn,0,0,0,0,0,0
3438,1013.57142857143,2018-03-20,727,Tue,Mar,Autumn,0,0,0,0,0,0
3861,1124.42857142857,2018-03-21,728,Wed,Mar,Autumn,0,0,0,0,0,0
3819,1185.71428571429,2018-03-22,729,Thu,Mar,Autumn,0,0,0,0,0,0
5235,1233.85714285714,2018-03-23,730,Fri,Mar,Autumn,0,0,0,1,0,0
6420,1289.71428571429,2018-03-24,731,Sat,Mar,Autumn,1,0,0,1,0,0
4741,1278,2018-03-25,732,Sun,Mar,Autumn,1,0,0,0,0,0
3533,1264.85714285714,2018-03-26,733,Mon,Mar,Autumn,0,0,0,0,0,0
3115,1233.85714285714,2018-03-27,734,Tue,Mar,Autumn,0,0,0,0,0,0
3415,1162.85714285714,2018-03-28,735,Wed,Mar,Autumn,0,0,0,0,0,0
3267,1101.57142857143,2018-03-29,736,Thu,Mar,Autumn,0,0,0,0,0,0
5557,1087.14285714286,2018-03-30,737,Fri,Mar,Autumn,0,0,1,0,0,0
8012,1029.28571428571,2018-03-31,738,Sat,Mar,Autumn,1,0,0,0,0,0
6457,1046.42857142857,2018-04-01,739,Sun,Apr,Autumn,1,0,0,0,0,0
5656,1056,2018-04-02,740,Mon,Apr,Autumn,0,0,1,0,0,0
4031,1056,2018-04-03,741,Tue,Apr,Autumn,0,1,0,0,0,0
